0049,01/01/2000,001,*,      105,*,     56.9,*,     58.6,*,     44.4,*,     51.3,*,      9.8,*,      2.1,*,     0.09,*,       83,*,       61,*,     0.02,*,       76,*,     44.1,*,     50.4
0049,01/02/2000,002,*,      290,*,     56.6,*,     61.4,*,     37.2,*,     51.1,*,      8.0,*,      4.5,*,     0.01,*,       81,*,       38,*,     0.08,*,       63,*,     38.8,*,    109.4
0049,01/03/2000,003,*,      292,*,     55.1,*,     69.9,*,     29.7,*,     45.8,*,      6.3,*,      2.6,*,     0.00,*,       83,*,       29,*,     0.08,*,       60,*,     32.8,*,     62.8
0049,01/04/2000,004,*,      296,*,     54.3,*,     70.0,*,     31.4,*,     48.0,*,      5.8,*,      3.0,*,     0.00,*,       81,*,       23,*,     0.09,*,       51,*,     30.8,*,     73.3
0049,01/05/2000,005,*,      295,*,     54.3,*,     68.6,*,     28.7,*,     47.5,*,      6.6,*,      2.9,*,     0.00,*,       81,*,       25,*,     0.08,*,       59,*,     33.8,*,     68.9
0049,01/06/2000,006,*,      306,*,     54.3,*,     74.7,*,     30.9,*,     49.3,*,      4.8,*,      3.7,*,     0.00,*,       77,*,       11,*,     0.10,*,       40,*,     26.3,*,     88.9
0049,01/07/2000,007,*,      258,*,     53.7,*,     68.4,*,     26.0,*,     43.2,*,      5.1,*,      2.2,*,     0.00,*,       81,*,       17,R,     0.07,*,       54,*,     27.6,*,     54.3
0049,01/08/2000,008,*,      298,*,     53.1,*,     67.7,*,     24.6,*,     43.6,*,      6.5,*,      2.6,*,     0.00,*,       82,*,       33,*,     0.08,*,       67,*,     33.4,*,     61.9
0049,01/09/2000,009,*,      267,*,     53.4,*,     67.3,*,     27.9,*,     44.8,*,      6.6,*,      2.4,*,     0.00,*,       82,*,       31,*,     0.07,*,       66,*,     34.0,*,     59.1
0049,01/10/2000,010,*,      289,*,     53.8,*,     66.0,*,     29.7,*,     46.1,*,      7.3,*,      2.4,*,     0.00,*,       82,*,       32,*,     0.07,*,       69,*,     36.4,*,     58.9
0049,01/11/2000,011,*,      283,*,     55.4,*,     64.2,*,     38.0,*,     51.7,*,      9.8,*,      2.7,*,     0.01,*,       82,*,       53,*,     0.07,*,       75,*,     44.1,*,     65.0
0049,01/12/2000,012,*,      276,*,     58.0,*,     65.5,*,     44.9,*,     54.3,*,     10.7,*,      3.1,*,     0.00,*,       82,*,       58,*,     0.07,*,       74,*,     46.3,*,     74.0
0049,01/13/2000,013,*,      298,*,     58.6,*,     78.3,*,     35.8,*,     53.9,*,      9.2,*,      2.3,*,     0.00,*,       83,*,       33,*,     0.09,*,       65,*,     42.4,*,     55.0
0049,01/14/2000,014,*,      287,*,     58.8,*,     78.4,*,     36.7,*,     55.6,*,      8.1,*,      2.4,*,     0.00,*,       81,*,       24,*,     0.09,*,       53,*,     39.0,*,     58.0
0049,01/15/2000,015,*,      265,*,     59.3,*,     79.1,*,     43.3,*,     56.8,*,      7.6,*,      2.6,*,     0.00,*,       80,*,       15,*,     0.09,*,       48,*,     37.6,*,     62.9
0049,01/16/2000,016,*,       67,*,     58.9,*,     61.2,*,     43.6,*,     53.9,*,     10.8,*,      2.4,*,     0.06,*,       81,*,       66,*,     0.02,*,       76,*,     46.5,*,     57.2
0049,01/17/2000,017,*,      154,*,     59.4,*,     79.7,Y,     56.2,*,     66.9,*,     14.1,*,      3.6,*,     0.00,*,       81,*,       48,*,     0.07,*,       62,*,     53.6,*,     86.7
0049,01/18/2000,018,*,      243,Y,     61.9,*,     79.1,*,     50.6,*,     65.9,*,     12.5,*,      3.6,*,     0.00,*,       78,*,       39,*,     0.10,*,       57,*,     50.4,*,     87.1
0049,01/19/2000,019,*,      288,Y,     62.3,*,     77.7,*,     46.7,*,     59.9,*,     11.9,*,      3.6,*,     0.00,*,       81,*,       43,*,     0.10,*,       68,*,     49.1,*,     87.7
0049,01/20/2000,020,*,      302,Y,     62.8,*,     72.5,*,     32.0,*,     62.9,M,       --,*,      4.2,*,     0.00,*,       82,*,       57,*,     0.08,M,       --,M,       --,*,    101.9
0049,01/21/2000,021,*,      259,R,     63.4,*,     64.7,*,     47.2,*,     57.4,*,     12.1,*,      3.0,*,     0.00,*,       81,*,       62,*,     0.07,*,       75,*,     49.6,*,     73.0
0049,01/22/2000,022,*,      274,Y,     62.1,*,     65.3,*,     42.5,*,     52.7,*,      9.9,*,      2.1,*,     0.00,*,       82,*,       52,R,     0.07,*,       73,*,     44.2,*,     51.9
0049,01/23/2000,023,*,      206,Y,     60.5,*,     66.1,*,     39.3,*,     53.6,*,     10.3,*,      2.1,*,     0.00,*,       82,*,       53,*,     0.05,*,       73,*,     45.3,*,     51.5
0049,01/24/2000,024,*,      256,Y,     61.3,Y,     81.4,*,     51.8,*,     63.7,*,     11.5,*,      2.1,*,     0.00,*,       80,*,       33,R,     0.09,*,       57,*,     48.3,*,     51.1
0049,01/25/2000,025,*,       51,Y,     62.7,*,     62.3,Y,     56.8,*,     59.6,*,     13.4,*,      1.5,*,     0.38,*,       82,*,       70,*,     0.01,*,       77,*,     52.3,*,     36.3
0049,01/26/2000,026,*,      341,Y,     62.0,*,     65.6,*,     41.7,*,     56.4,*,     11.4,*,      3.5,*,     0.01,*,       82,*,       54,*,     0.09,*,       74,*,     48.1,*,     84.5
0049,01/27/2000,027,*,      341,*,     59.7,*,     67.6,*,     35.6,*,     50.5,*,      9.1,*,      2.5,*,     0.00,*,       83,*,       44,*,     0.09,*,       73,*,     42.0,*,     59.7
0049,01/28/2000,028,*,      318,*,     59.2,*,     66.8,*,     37.6,*,     51.8,*,      9.3,*,      2.5,*,     0.00,*,       83,*,       42,*,     0.09,*,       71,*,     42.7,*,     61.5
0049,01/29/2000,029,*,      295,*,     59.3,*,     64.7,*,     39.3,*,     52.2,*,     10.0,*,      2.4,*,     0.00,*,       82,*,       53,*,     0.07,*,       75,*,     44.5,*,     59.1
0049,01/30/2000,030,*,      222,Y,     60.3,*,     65.2,*,     50.3,*,     56.9,*,     11.4,*,      2.3,*,     0.03,*,       81,*,       54,*,     0.06,*,       72,*,     48.0,*,     55.2
0049,01/31/2000,031,*,      237,Y,     61.3,*,     64.3,*,     46.3,*,     56.9,*,     11.8,*,      3.1,*,     0.25,*,       82,*,       54,*,     0.06,*,       75,*,     49.0,*,     75.9
0049,02/01/2000,032,*,      354,*,     59.9,*,     77.3,*,     39.4,*,     56.2,*,      8.8,*,      2.9,*,     0.00,*,       83,*,       28,*,     0.11,*,       57,*,     41.2,*,     70.9
0049,02/02/2000,033,*,      372,*,     59.6,Y,     84.6,*,     38.6,*,     56.8,*,      6.4,*,      3.5,*,     0.00,*,       81,*,       11,*,     0.13,*,       40,*,     33.0,*,     84.8
0049,02/03/2000,034,*,      366,*,     59.1,Y,     80.0,*,     33.9,*,     52.4,*,      5.7,*,      2.6,*,     0.00,*,       77,*,       13,R,     0.12,*,       42,*,     30.1,*,     62.5
0049,02/04/2000,035,*,      278,*,     58.9,*,     69.0,*,     36.8,*,     53.1,*,      9.3,*,      2.3,*,     0.00,*,       81,*,       35,R,     0.08,*,       68,*,     42.7,*,     55.0
0049,02/05/2000,036,*,      285,*,     60.5,*,     68.9,*,     48.7,*,     57.5,*,     12.1,*,      2.6,*,     0.00,*,       82,*,       59,R,     0.08,*,       75,*,     49.6,*,     62.7
0049,02/06/2000,037,*,      358,*,     61.3,*,     75.8,*,     46.2,*,     57.8,*,     11.7,*,      2.9,*,     0.01,*,       83,*,       45,*,     0.10,*,       72,*,     48.7,*,     71.2
0049,02/07/2000,038,*,      353,*,     62.2,Y,     80.7,*,     41.0,*,     57.1,*,     11.2,*,      3.1,*,     0.00,*,       83,*,       27,*,     0.10,*,       70,*,     47.5,*,     74.9
0049,02/08/2000,039,*,      158,*,     62.2,*,     76.0,*,     48.0,*,     59.0,*,     11.3,*,      3.3,*,     0.00,*,       81,*,       34,*,     0.05,*,       66,*,     47.7,*,     78.7
0049,02/09/2000,040,*,      293,*,     61.6,*,     66.0,*,     44.5,*,     56.2,*,     11.4,*,      2.7,*,     0.00,*,       82,*,       62,*,     0.08,*,       74,*,     48.1,*,     65.3
0049,02/10/2000,041,*,      197,*,     62.1,*,     63.4,*,     50.7,*,     57.2,*,     12.4,*,      4.2,*,     0.66,*,       82,*,       67,*,     0.05,*,       78,*,     50.2,*,    100.3
0049,02/11/2000,042,*,      280,*,     60.7,*,     63.6,*,     47.9,*,     55.1,*,     11.0,*,      2.5,*,     0.03,*,       83,*,       55,*,     0.07,*,       74,*,     46.9,*,     61.0
0049,02/12/2000,043,*,      318,*,     60.0,*,     63.8,*,     50.9,*,     57.3,*,     11.8,*,      4.4,*,     0.65,*,       82,*,       59,*,     0.09,*,       73,*,     48.9,*,    105.8
0049,02/13/2000,044,*,      191,*,     59.7,*,     62.6,*,     52.7,*,     56.8,*,     12.2,*,      3.0,*,     0.39,*,       82,*,       66,*,     0.05,*,       78,*,     49.8,*,     71.9
0049,02/14/2000,045,*,      173,*,     60.6,*,     65.2,*,     55.1,*,     59.0,*,     13.8,*,      2.5,*,     0.08,*,       82,*,       75,*,     0.04,*,       81,*,     53.1,*,     60.8
0049,02/15/2000,046,*,      344,*,     61.3,*,     67.3,*,     49.3,*,     56.9,*,     12.4,*,      2.7,*,     0.00,*,       83,*,       66,*,     0.09,*,       78,*,     50.3,*,     66.0
0049,02/16/2000,047,*,      208,*,     61.4,*,     65.1,*,     55.1,*,     58.2,*,     12.4,*,      5.8,*,     0.24,*,       82,*,       62,*,     0.07,*,       74,*,     50.2,*,    140.9
0049,02/17/2000,048,*,      276,*,     60.8,*,     61.9,*,     32.0,*,     51.5,M,       --,*,      3.0,*,     0.00,*,       82,*,       50,*,     0.11,M,       --,M,       --,*,     72.6
0049,02/18/2000,049,*,      289,*,     58.7,*,     71.4,*,     38.0,*,     51.0,*,      9.0,*,      2.2,*,     0.00,*,       83,*,       42,*,     0.08,*,       71,*,     41.8,*,     52.9
0049,02/19/2000,050,*,      337,*,     58.9,Y,     80.4,*,     40.9,*,     59.1,*,      8.2,*,      2.6,*,     0.00,*,       79,*,       17,*,     0.12,*,       48,*,     39.5,*,     63.0
0049,02/20/2000,051,*,      214,*,     59.9,*,     66.6,*,     51.9,*,     59.2,*,     12.6,R,      8.5,*,     1.20,*,       80,*,       66,*,     0.08,*,       73,*,     50.7,R,    204.2
0049,02/21/2000,052,*,      170,*,     58.7,*,     61.6,*,     50.3,*,     54.5,*,     11.0,*,      6.0,*,     1.06,*,       82,*,       62,*,     0.06,*,       76,*,     47.2,*,    145.5
0049,02/22/2000,053,*,      375,*,     58.2,*,     63.5,*,     44.3,*,     54.2,*,     10.7,*,      2.6,*,     0.01,*,       83,*,       60,*,     0.10,*,       75,*,     46.4,*,     62.3
0049,02/23/2000,054,*,      125,*,     58.2,*,     61.8,*,     50.2,*,     54.3,*,     10.9,*,      5.1,*,     0.56,*,       82,*,       62,*,     0.04,*,       75,*,     46.7,*,    121.9
0049,02/24/2000,055,*,      394,*,     57.3,*,     59.4,*,     42.4,*,     52.5,*,      8.4,*,      4.0,*,     0.00,*,       80,*,       46,*,     0.12,*,       63,*,     40.2,*,     95.8
0049,02/25/2000,056,*,      296,*,     57.9,*,     63.8,*,     43.9,*,     53.5,*,      9.7,*,      2.2,*,     0.00,*,       81,*,       55,*,     0.08,*,       69,*,     43.7,*,     53.2
0049,02/26/2000,057,*,      433,*,     58.0,*,     67.8,*,     39.7,*,     52.7,*,      9.9,*,      2.7,*,     0.00,*,       83,*,       53,*,     0.12,*,       73,*,     44.2,*,     65.3
0049,02/27/2000,058,*,      246,*,     58.8,*,     62.4,*,     43.5,*,     54.3,*,     11.1,*,      3.3,*,     0.27,*,       82,*,       67,*,     0.07,*,       77,*,     47.3,*,     80.7
0049,02/28/2000,059,*,      374,*,     58.8,*,     61.7,*,     44.2,*,     52.9,*,      9.8,*,      2.7,*,     0.04,*,       82,*,       56,*,     0.10,*,       72,*,     44.0,*,     64.6
0049,02/29/2000,060,*,      339,*,     58.2,*,     62.6,*,     39.8,*,     52.8,*,     10.1,*,      3.2,*,     0.01,*,       83,*,       61,*,     0.09,*,       74,*,     44.7,*,     77.7
0049,03/01/2000,061,*,      428,*,     59.7,*,     62.4,*,     44.9,*,     55.1,*,     10.5,*,      3.2,*,     0.00,*,       82,*,       57,*,     0.12,*,       71,*,     45.9,*,     76.4
0049,03/02/2000,062,*,      454,*,     59.6,*,     66.5,*,     39.2,*,     53.2,*,     10.1,*,      3.2,*,     0.00,*,       82,*,       55,*,     0.12,*,       73,*,     44.8,*,     77.4
0049,03/03/2000,063,*,      222,*,     59.9,*,     61.1,*,     47.3,*,     54.9,*,     10.9,*,      2.9,*,     0.08,*,       82,*,       62,*,     0.06,*,       74,*,     46.8,*,     69.0
0049,03/04/2000,064,*,      196,*,     59.1,*,     60.8,*,     44.6,*,     50.8,*,      9.7,*,      2.2,*,     0.15,*,       82,*,       58,*,     0.04,*,       76,*,     43.6,*,     53.8
0049,03/05/2000,065,*,      170,*,     57.6,*,     58.2,*,     41.7,*,     51.6,*,      9.6,*,      5.6,*,     0.87,*,       81,*,       57,*,     0.05,*,       74,*,     43.5,*,    135.7
0049,03/06/2000,066,*,      465,*,     56.7,*,     59.2,*,     40.8,*,     49.1,*,      7.9,*,      3.0,*,     0.11,*,       82,*,       46,*,     0.12,*,       67,*,     38.5,*,     71.6
0049,03/07/2000,067,*,      263,*,     56.6,*,     60.9,*,     39.7,*,     51.3,*,      9.7,*,      3.6,*,     0.21,*,       82,*,       61,*,     0.07,*,       75,*,     43.6,*,     86.1
0049,03/08/2000,068,*,      159,*,     56.7,*,     59.1,*,     40.5,*,     52.4,*,     10.1,*,      3.2,*,     0.32,*,       82,*,       63,*,     0.04,*,       75,*,     44.8,*,     76.5
0049,03/09/2000,069,*,      474,*,     56.2,*,     62.5,*,     38.1,*,     50.4,*,      8.9,*,      3.7,*,     0.00,*,       83,*,       57,*,     0.13,*,       71,*,     41.5,*,     88.4
0049,03/10/2000,070,*,      492,*,     57.2,*,     68.0,*,     38.8,*,     53.0,*,     10.0,*,      3.1,*,     0.00,*,       82,*,       56,*,     0.14,*,       73,*,     44.6,*,     75.7
0049,03/11/2000,071,*,      510,*,     58.5,*,     76.2,*,     41.3,*,     57.4,*,      9.4,*,      3.2,*,     0.00,*,       83,*,       34,*,     0.17,*,       58,*,     43.0,*,     77.9
0049,03/12/2000,072,*,      450,*,     59.2,*,     69.5,*,     40.0,*,     54.5,*,     11.1,*,      2.6,*,     0.00,*,       82,*,       52,*,     0.13,*,       76,*,     47.2,*,     63.1
0049,03/13/2000,073,*,      439,*,     60.8,*,     66.8,*,     48.1,*,     57.3,*,     12.0,*,      3.2,*,     0.00,*,       82,*,       63,*,     0.12,*,       75,*,     49.4,*,     76.2
0049,03/14/2000,074,*,      491,*,     61.2,*,     70.3,*,     43.2,*,     55.7,*,     11.9,*,      3.2,*,     0.00,*,       83,*,       62,*,     0.14,*,       78,*,     49.1,*,     76.5
0049,03/15/2000,075,*,      417,*,     62.6,*,     69.4,*,     53.6,*,     58.3,*,     12.6,*,      3.4,*,     0.00,*,       83,*,       61,*,     0.12,*,       76,*,     50.7,*,     82.8
0049,03/16/2000,076,*,      390,*,     63.3,*,     66.2,*,     55.9,*,     59.2,*,     12.6,*,      3.7,*,     0.00,*,       78,*,       67,*,     0.12,*,       73,*,     50.6,*,     90.1
0049,03/17/2000,077,R,      682,*,     64.3,*,     69.0,*,     32.0,*,     61.2,M,       --,*,      4.1,*,     0.00,*,       82,*,       63,*,     0.15,M,       --,M,       --,*,     98.1
0049,03/18/2000,078,*,      506,*,     64.1,*,     74.9,*,     48.2,*,     57.6,*,     12.2,*,      3.0,*,     0.00,*,       83,*,       56,*,     0.15,*,       75,*,     49.8,*,     72.0
0049,03/19/2000,079,*,      531,*,     64.0,*,     70.8,*,     42.6,*,     58.0,*,     11.9,*,      3.6,*,     0.00,*,       83,*,       51,*,     0.15,*,       72,*,     49.2,*,     85.9
0049,03/20/2000,080,*,      507,*,     64.5,*,     72.1,*,     50.6,*,     62.8,*,      7.0,Y,      6.5,*,     0.00,*,       74,*,       11,*,     0.21,*,       36,*,     35.3,Y,    156.8
0049,03/21/2000,081,*,      552,*,     63.7,*,     70.3,*,     41.7,*,     58.8,Y,      5.0,*,      5.0,*,     0.00,*,       72,*,       13,*,     0.20,Y,       30,Y,     27.2,*,    121.4
0049,03/22/2000,082,*,      556,*,     62.9,*,     68.4,*,     36.0,*,     53.4,*,      8.4,*,      3.3,*,     0.00,*,       82,*,       36,*,     0.16,*,       60,*,     39.9,*,     80.3
0049,03/23/2000,083,*,      551,*,     62.9,*,     67.1,*,     38.2,*,     53.1,*,      9.8,*,      3.3,*,     0.00,*,       83,*,       52,*,     0.16,*,       71,*,     44.0,*,     80.0
0049,03/24/2000,084,*,      550,*,     63.7,*,     66.8,*,     38.9,*,     53.3,*,     10.1,*,      3.5,*,     0.00,*,       83,*,       54,*,     0.16,*,       73,*,     44.9,*,     84.3
0049,03/25/2000,085,*,      469,*,     64.5,*,     65.7,*,     45.5,*,     55.3,*,     10.8,*,      3.1,*,     0.00,*,       82,*,       60,*,     0.13,*,       73,*,     46.6,*,     73.8
0049,03/26/2000,086,*,      545,*,     64.6,*,     67.2,*,     40.7,*,     54.2,*,     10.8,*,      3.2,*,     0.00,*,       82,*,       61,*,     0.16,*,       75,*,     46.6,*,     76.8
0049,03/27/2000,087,*,      185,*,     64.5,*,     62.5,*,     49.1,*,     56.4,*,     11.6,*,      2.6,*,     0.01,*,       82,*,       67,*,     0.04,*,       75,*,     48.5,*,     62.5
0049,03/28/2000,088,*,      366,*,     64.0,*,     64.2,*,     52.2,*,     57.6,*,     11.1,*,      3.1,*,     0.01,*,       78,*,       57,*,     0.11,*,       69,*,     47.3,*,     74.9
0049,03/29/2000,089,*,      442,*,     64.8,*,     64.7,*,     50.5,*,     57.5,*,     11.1,*,      3.3,*,     0.00,*,       79,*,       53,*,     0.13,*,       69,*,     47.4,*,     78.8
0049,03/30/2000,090,*,      473,*,     65.3,*,     65.4,*,     47.1,*,     57.5,*,     11.6,*,      3.2,*,     0.00,*,       82,*,       62,*,     0.14,*,       72,*,     48.5,*,     76.6
0049,03/31/2000,091,*,      588,*,     65.1,Y,     81.3,*,     39.1,*,     59.3,*,      7.5,*,      5.4,*,     0.00,*,       83,*,        9,*,     0.23,*,       43,*,     37.0,*,    130.1
0049,04/01/2000,092,*,      591,*,     65.3,*,     81.3,*,     39.1,*,     60.3,Y,      7.1,*,      4.8,*,     0.00,*,       74,*,       14,*,     0.22,Y,       40,Y,     35.8,*,    117.0
0049,04/02/2000,093,M,       --,M,       --,M,       --,M,       --,M,       --,M,       --,M,       --,M,       --,*,       82,*,       36,*,     0.18,M,       --,M,       --,M,       --
0049,04/03/2000,094,*,      580,*,     66.2,*,     74.6,*,     39.0,*,     58.4,*,     10.9,*,      3.2,*,     0.00,*,       82,*,       42,*,     0.18,*,       65,*,     46.7,*,     78.1
0049,04/04/2000,095,*,      565,*,     67.7,*,     69.7,*,     50.2,*,     59.2,*,     13.1,*,      3.9,*,     0.00,*,       83,*,       66,*,     0.16,*,       76,*,     51.8,*,     93.9
0049,04/05/2000,096,*,      443,*,     67.9,*,     69.3,*,     53.9,*,     59.6,*,     12.8,*,      3.5,*,     0.01,*,       82,*,       60,*,     0.13,*,       73,*,     51.1,*,     84.6
0049,04/06/2000,097,*,      526,*,     68.2,*,     66.4,*,     51.9,*,     59.3,*,     11.8,*,      3.7,*,     0.00,*,       80,*,       57,*,     0.16,*,       69,*,     49.0,*,     88.3
0049,04/07/2000,098,*,      406,*,     68.4,*,     67.9,*,     53.6,*,     59.9,*,     12.8,*,      3.4,*,     0.00,*,       81,*,       63,*,     0.12,*,       73,*,     51.2,*,     81.1
0049,04/08/2000,099,*,      537,*,     68.5,*,     70.3,*,     47.1,*,     59.9,*,     13.1,*,      3.5,*,     0.00,*,       82,*,       61,*,     0.16,*,       74,*,     51.7,*,     85.5
0049,04/09/2000,100,*,      564,*,     68.6,*,     70.1,*,     45.8,*,     57.8,*,     12.0,*,      3.4,*,     0.00,*,       82,*,       57,*,     0.17,*,       73,*,     49.3,*,     82.6
0049,04/10/2000,101,*,      558,*,     69.1,*,     69.0,*,     49.7,*,     60.2,*,     12.3,*,      3.4,*,     0.00,*,       81,*,       57,*,     0.17,*,       69,*,     50.0,*,     82.4
0049,04/11/2000,102,*,      588,*,     69.5,*,     72.3,*,     48.2,*,     60.2,*,     13.1,*,      3.7,*,     0.00,*,       82,*,       56,*,     0.18,*,       73,*,     51.7,*,     89.7
0049,04/12/2000,103,*,      576,*,     69.6,*,     74.2,*,     46.4,*,     57.9,*,     12.5,*,      3.5,*,     0.00,*,       83,*,       59,*,     0.17,*,       76,*,     50.5,*,     85.1
0049,04/13/2000,104,*,      597,*,     69.9,*,     71.4,*,     51.7,*,     61.3,*,     13.0,*,      5.0,*,     0.01,*,       83,*,       52,*,     0.19,*,       71,*,     51.6,*,    120.0
0049,04/14/2000,105,*,      457,*,     70.0,*,     66.0,*,     50.5,*,     58.8,*,     12.3,*,      4.1,*,     0.26,*,       82,*,       60,*,     0.14,*,       73,*,     50.1,*,     99.8
0049,04/15/2000,106,*,      600,*,     68.8,*,     68.2,*,     46.8,*,     57.3,*,     11.4,*,      3.5,*,     0.00,*,       82,*,       55,*,     0.18,*,       71,*,     47.9,*,     84.0
0049,04/16/2000,107,*,      568,*,     68.1,*,     68.3,*,     44.9,*,     56.9,*,     10.9,*,      3.3,*,     0.00,*,       82,*,       55,*,     0.17,*,       69,*,     46.9,*,     78.5
0049,04/17/2000,108,*,      266,*,     67.4,*,     70.3,*,     44.8,*,     55.5,*,     11.1,*,      4.5,*,     0.77,*,       82,*,       48,*,     0.09,*,       74,*,     47.4,*,    109.5
0049,04/18/2000,109,*,      510,*,     64.6,*,     65.2,*,     48.4,*,     57.5,*,     11.5,*,      4.7,*,     0.21,*,       83,*,       58,*,     0.15,*,       71,*,     48.1,*,    112.4
0049,04/19/2000,110,*,      632,*,     63.6,*,     67.0,*,     43.2,*,     56.3,*,     11.2,*,      3.6,*,     0.00,*,       83,*,       56,*,     0.18,*,       72,*,     47.5,*,     87.2
0049,04/20/2000,111,*,      633,*,     65.2,*,     73.1,*,     45.6,*,     59.1,*,     12.6,*,      3.3,*,     0.00,*,       82,*,       58,*,     0.19,*,       74,*,     50.7,*,     79.1
0049,04/21/2000,112,*,      254,*,     65.8,*,     65.6,*,     53.7,*,     58.6,*,     12.8,R,      1.3,*,     0.00,*,       82,*,       57,*,     0.06,*,       76,*,     51.2,R,     30.5
0049,04/22/2000,113,*,      334,*,     65.0,*,     66.0,*,     53.7,*,     59.6,*,     12.5,R,      1.1,*,     0.00,*,       81,*,       60,*,     0.08,*,       72,*,     50.5,R,     27.7
0049,04/23/2000,114,*,      491,*,     65.8,*,     68.7,*,     53.2,*,     61.0,*,     13.1,R,      1.2,*,     0.00,*,       82,*,       60,*,     0.14,*,       71,*,     51.6,R,     27.9
0049,04/24/2000,115,*,      611,*,     67.4,*,     72.4,*,     53.2,*,     62.2,*,     14.0,R,      1.2,*,     0.00,*,       82,*,       62,*,     0.18,*,       73,*,     53.5,R,     28.7
0049,04/25/2000,116,*,      628,*,     68.5,*,     75.0,*,     49.4,*,     62.2,*,     14.0,R,      1.1,*,     0.00,*,       83,*,       54,*,     0.19,*,       73,*,     53.5,R,     27.7
0049,04/26/2000,117,*,      642,*,     69.5,Y,     83.0,*,     50.5,*,     65.3,*,     14.6,R,      1.1,*,     0.00,*,       83,*,       46,*,     0.20,*,       68,*,     54.6,R,     27.7
0049,04/27/2000,118,*,      496,*,     70.4,*,     70.0,*,     59.0,*,     63.0,*,     14.6,R,      1.2,*,     0.00,*,       82,*,       66,*,     0.14,*,       75,*,     54.8,R,     28.6
0049,04/28/2000,119,*,      407,*,     70.1,*,     69.8,*,     51.9,*,     61.6,*,     12.7,R,      1.2,*,     0.00,*,       78,*,       58,*,     0.11,*,       68,*,     50.9,R,     29.1
0049,04/29/2000,120,*,      651,*,     69.6,*,     72.5,*,     45.1,*,     59.6,*,     11.6,R,      1.2,*,     0.00,*,       82,*,       51,*,     0.19,*,       66,*,     48.4,R,     28.1
0049,04/30/2000,121,*,      661,*,     69.9,*,     77.2,*,     44.7,*,     62.1,*,     12.4,R,      1.2,*,     0.00,*,       82,*,       44,*,     0.20,*,       65,*,     50.2,R,     27.9
0049,05/01/2000,122,*,      667,*,     70.6,*,     78.1,*,     49.3,*,     63.8,*,     13.3,R,      1.2,*,     0.00,*,       82,*,       44,*,     0.20,*,       66,*,     52.1,R,     28.0
0049,05/02/2000,123,*,      640,*,     71.2,*,     79.3,*,     48.3,*,     63.3,*,     13.9,R,      1.2,*,     0.00,*,       82,*,       46,*,     0.19,*,       70,*,     53.3,R,     28.0
0049,05/03/2000,124,*,      612,*,     71.9,*,     73.9,*,     56.8,*,     65.1,*,     15.2,R,      1.2,*,     0.00,*,       82,*,       60,*,     0.18,*,       72,*,     55.8,R,     28.2
0049,05/04/2000,125,*,      280,*,     72.1,*,     69.3,*,     61.8,*,     64.7,*,     15.3,R,      1.2,*,     0.00,*,       78,*,       68,*,     0.07,*,       73,*,     56.0,R,     28.0
0049,05/05/2000,126,*,      342,*,     71.3,*,     71.5,*,     61.3,*,     64.3,*,     14.8,R,      1.2,*,     0.00,*,       81,*,       62,*,     0.10,*,       72,*,     55.0,R,     28.0
0049,05/06/2000,127,*,      573,*,     71.4,*,     70.1,*,     55.4,*,     63.5,*,     14.0,R,      1.1,*,     0.00,*,       81,*,       61,*,     0.17,*,       70,*,     53.5,R,     27.8
0049,05/07/2000,128,*,      626,*,     71.9,*,     72.6,*,     53.2,*,     63.9,*,     14.0,R,      1.2,*,     0.00,*,       81,*,       56,*,     0.19,*,       69,*,     53.5,R,     28.6
0049,05/08/2000,129,*,      288,*,     72.0,*,     72.1,*,     56.4,*,     64.7,*,     15.2,R,      1.2,*,     0.00,*,       81,*,       63,*,     0.07,*,       73,*,     55.8,R,     28.1
0049,05/09/2000,130,*,      556,*,     71.3,*,     72.4,*,     54.8,*,     65.2,*,     15.5,R,      1.2,*,     0.00,*,       82,*,       63,*,     0.17,*,       73,*,     56.3,R,     28.9
0049,05/10/2000,131,*,      522,*,     72.3,*,     70.0,*,     58.5,*,     64.6,*,     14.0,R,      1.3,*,     0.00,*,       76,*,       60,*,     0.16,*,       68,*,     53.6,R,     30.6
0049,05/11/2000,132,*,      631,*,     72.2,*,     71.0,*,     48.5,*,     60.7,*,     10.8,R,      1.2,*,     0.00,*,       80,*,       36,*,     0.18,*,       59,*,     46.5,R,     29.4
0049,05/12/2000,133,*,      694,*,     71.8,Y,     82.4,*,     42.5,*,     62.9,Y,      9.4,R,      1.2,*,     0.00,*,       82,*,       16,R,     0.21,Y,       48,Y,     43.0,R,     29.2
0049,05/13/2000,134,*,      690,*,     72.0,*,     78.4,*,     40.9,*,     60.3,*,     11.0,R,      1.2,*,     0.00,*,       82,*,       28,*,     0.20,*,       61,*,     47.0,R,     28.5
0049,05/14/2000,135,*,      665,*,     72.2,*,     72.2,*,     48.8,*,     61.0,*,     12.1,R,      1.2,*,     0.00,*,       82,*,       48,*,     0.19,*,       66,*,     49.5,R,     28.8
0049,05/15/2000,136,*,      560,*,     71.9,*,     71.2,*,     47.0,*,     59.6,*,     12.6,R,      1.2,*,     0.00,*,       82,*,       57,*,     0.16,*,       72,*,     50.6,R,     28.9
0049,05/16/2000,137,R,      744,*,     72.0,*,     67.7,*,     51.6,*,     61.9,*,     11.5,R,      1.3,*,     0.00,*,       80,*,       49,*,     0.18,*,       61,*,     48.3,R,     31.5
0049,05/17/2000,138,*,      664,*,     71.9,*,     69.7,*,     46.2,*,     59.6,*,     12.0,R,      1.2,*,     0.00,*,       82,*,       55,*,     0.19,*,       69,*,     49.4,R,     28.2
0049,05/18/2000,139,*,      662,*,     72.2,*,     72.3,*,     47.8,*,     61.3,*,     13.2,R,      1.2,*,     0.00,*,       82,*,       58,*,     0.20,*,       71,*,     51.9,R,     28.4
0049,05/19/2000,140,*,      563,*,     72.7,*,     77.8,*,     51.2,*,     63.7,*,     14.7,R,      1.2,*,     0.00,*,       82,*,       56,*,     0.17,*,       73,*,     54.8,R,     28.1
0049,05/20/2000,141,*,      648,*,     73.3,*,     72.2,*,     52.5,*,     62.9,*,     14.8,R,      1.2,*,     0.00,*,       82,*,       65,*,     0.19,*,       76,*,     55.1,R,     28.8
0049,05/21/2000,142,*,      593,*,     73.8,*,     74.0,*,     53.5,*,     64.0,*,     15.3,R,      1.2,*,     0.00,*,       82,*,       64,*,     0.18,*,       75,*,     55.9,R,     29.3
0049,05/22/2000,143,*,      357,*,     74.1,*,     69.4,*,     60.9,*,     64.4,*,     15.5,R,      1.2,*,     0.00,*,       80,*,       68,*,     0.10,*,       75,*,     56.4,R,     28.5
0049,05/23/2000,144,*,      216,*,     73.2,*,     70.1,*,     61.6,*,     64.5,*,     15.5,R,      1.2,*,     0.00,*,       81,*,       66,*,     0.05,*,       74,*,     56.3,R,     28.6
0049,05/24/2000,145,*,      199,*,     72.1,*,     68.8,*,     61.9,*,     64.4,*,     15.5,R,      1.2,*,     0.00,*,       82,*,       67,*,     0.04,*,       75,*,     56.3,R,     27.9
0049,05/25/2000,146,*,      172,*,     71.3,*,     68.8,*,     61.5,*,     64.4,*,     15.5,R,      1.2,*,     0.00,*,       82,*,       66,*,     0.04,*,       75,*,     56.3,R,     27.9
0049,05/26/2000,147,R,      837,*,     72.1,*,     73.9,R,     32.0,*,     67.8,M,       --,*,      4.8,*,     0.00,*,       81,*,       58,*,     0.22,M,       --,M,       --,*,    114.9
0049,05/27/2000,148,*,      683,*,     73.3,*,     79.4,*,     53.0,*,     66.3,*,     15.6,*,      3.8,*,     0.00,*,       82,*,       55,*,     0.23,*,       71,*,     56.6,*,     91.9
0049,05/28/2000,149,*,      683,*,     74.6,Y,     81.8,*,     55.0,*,     67.0,*,     16.4,*,      3.8,*,     0.00,*,       82,*,       55,*,     0.23,*,       73,*,     57.9,*,     90.7
0049,05/29/2000,150,*,      573,*,     75.3,*,     74.2,*,     60.4,*,     65.3,*,     16.2,*,      3.8,*,     0.00,*,       83,*,       66,*,     0.18,*,       76,*,     57.6,*,     92.8
0049,05/30/2000,151,*,      609,*,     75.6,*,     72.4,*,     62.3,*,     66.3,*,     15.5,*,      4.2,*,     0.00,*,       80,*,       62,*,     0.20,*,       71,*,     56.4,*,    100.9
0049,05/31/2000,152,*,      680,*,     76.3,*,     73.3,*,     56.2,*,     66.1,*,     14.4,*,      4.3,*,     0.00,*,       80,*,       57,*,     0.23,*,       66,*,     54.4,*,    105.0
0049,06/01/2000,153,*,      638,*,     76.5,*,     76.7,*,     54.8,*,     65.4,*,     14.9,*,      3.6,*,     0.00,*,       81,*,       54,*,     0.21,*,       69,*,     55.2,*,     86.0
0049,06/02/2000,154,*,      706,*,     76.7,*,     75.9,*,     54.4,*,     65.8,*,     15.0,*,      3.9,*,     0.00,*,       82,*,       56,*,     0.23,*,       69,*,     55.5,*,     94.0
0049,06/03/2000,155,*,      686,*,     77.0,*,     80.5,*,     54.4,*,     65.9,*,     15.3,*,      3.8,*,     0.00,*,       82,*,       50,*,     0.23,*,       70,*,     55.9,*,     91.0
0049,06/04/2000,156,*,      698,*,     77.0,*,     77.7,*,     50.8,*,     65.1,*,     15.0,*,      4.0,*,     0.01,*,       82,*,       53,*,     0.23,*,       71,*,     55.4,*,     96.7
0049,06/05/2000,157,*,      682,*,     77.5,*,     76.8,*,     52.2,*,     66.8,*,     15.7,*,      4.0,*,     0.00,*,       82,*,       54,*,     0.23,*,       70,*,     56.7,*,     95.5
0049,06/06/2000,158,*,      719,*,     77.4,*,     77.9,*,     49.3,*,     64.7,*,     14.2,*,      3.5,*,     0.00,*,       82,*,       48,*,     0.24,*,       68,*,     53.8,*,     84.8
0049,06/07/2000,159,*,      691,*,     77.8,*,     76.0,*,     58.0,*,     67.5,*,     16.1,*,      4.4,*,     0.00,*,       81,*,       57,*,     0.23,*,       70,*,     57.3,*,    106.2
0049,06/08/2000,160,*,      587,*,     77.6,*,     73.0,*,     53.0,*,     63.6,*,     13.8,*,      4.7,*,     0.00,*,       82,*,       55,*,     0.20,*,       69,*,     53.1,*,    112.3
0049,06/09/2000,161,*,      693,*,     76.7,*,     73.1,*,     50.3,*,     63.0,*,     13.3,*,      3.8,*,     0.00,*,       82,*,       52,*,     0.23,*,       68,*,     52.2,*,     91.0
0049,06/10/2000,162,*,      703,*,     76.9,*,     72.7,*,     51.1,*,     63.3,*,     13.8,*,      3.7,*,     0.00,*,       82,*,       57,*,     0.23,*,       70,*,     53.2,*,     89.9
0049,06/11/2000,163,*,      677,*,     77.2,*,     74.5,*,     55.6,*,     64.5,*,     14.8,*,      3.9,*,     0.00,*,       82,*,       59,*,     0.22,*,       72,*,     55.1,*,     93.0
0049,06/12/2000,164,*,      665,*,     77.3,*,     74.9,*,     51.5,*,     64.8,*,     15.1,*,      3.7,*,     0.00,*,       82,*,       59,*,     0.22,*,       72,*,     55.6,*,     88.6
0049,06/13/2000,165,*,      645,*,     77.5,*,     75.4,*,     55.2,*,     65.7,*,     15.8,*,      3.8,*,     0.00,*,       82,*,       62,*,     0.22,*,       73,*,     56.9,*,     92.2
0049,06/14/2000,166,*,      617,*,     77.9,*,     74.0,*,     57.7,*,     66.1,*,     15.9,*,      3.7,*,     0.00,*,       81,*,       63,*,     0.20,*,       72,*,     57.0,*,     88.5
0049,06/15/2000,167,*,      687,*,     78.1,*,     77.0,*,     54.9,*,     67.0,*,     16.1,*,      4.0,*,     0.00,*,       82,*,       60,*,     0.23,*,       71,*,     57.4,*,     96.0
0049,06/16/2000,168,*,      533,*,     78.7,*,     75.3,*,     65.5,*,     68.8,*,     16.3,*,      4.2,*,     0.00,*,       74,*,       60,*,     0.19,*,       68,*,     57.8,*,    102.0
0049,06/17/2000,169,*,      567,*,     79.2,*,     74.8,*,     65.0,*,     68.4,*,     16.1,*,      4.5,*,     0.00,*,       74,*,       61,*,     0.20,*,       68,*,     57.4,*,    108.3
0049,06/18/2000,170,*,      583,*,     79.3,*,     75.7,*,     64.5,*,     68.8,*,     16.2,*,      3.9,*,     0.00,*,       73,*,       58,*,     0.20,*,       67,*,     57.5,*,     94.5
0049,06/19/2000,171,*,      690,*,     79.6,*,     76.7,*,     56.4,*,     68.9,*,     16.0,*,      4.0,*,     0.00,*,       81,*,       57,*,     0.24,*,       66,*,     57.3,*,     97.5
0049,06/20/2000,172,*,      684,*,     79.8,*,     77.6,*,     56.6,*,     69.0,*,     16.5,*,      4.0,*,     0.00,*,       81,*,       56,*,     0.23,*,       68,*,     58.0,*,     97.4
0049,06/21/2000,173,*,      441,*,     79.8,*,     77.6,*,     60.9,*,     68.1,*,     17.1,*,      3.7,*,     0.00,*,       81,*,       62,*,     0.15,*,       73,*,     59.1,*,     88.4
0049,06/22/2000,174,R,      903,*,     79.2,*,     77.4,M,       --,*,     71.5,M,       --,*,      4.8,*,     0.00,*,       79,*,       61,*,     0.23,M,       --,M,       --,*,    116.0
0049,06/23/2000,175,*,      536,*,     79.7,*,     75.1,*,     66.4,*,     68.9,*,     16.6,*,      4.4,*,     0.00,*,       73,*,       60,*,     0.19,*,       69,*,     58.2,*,    105.7
0049,06/24/2000,176,*,      661,*,     79.9,*,     78.2,*,     62.2,*,     70.4,*,     17.3,*,      4.1,*,     0.00,*,       81,*,       58,*,     0.23,*,       68,*,     59.4,*,     98.7
0049,06/25/2000,177,*,      289,*,     79.7,R,     88.6,*,     59.7,H,     73.1,*,     18.5,*,      3.3,*,     0.00,H,       82,H,       42,R,     0.09,*,       66,*,     61.3,*,     79.7
0049,06/26/2000,178,*,      670,*,     79.4,Y,     84.3,*,     64.2,*,     73.3,*,     19.1,*,      4.4,*,     0.00,*,       81,*,       52,*,     0.25,*,       68,*,     62.2,*,    106.6
0049,06/27/2000,179,*,      681,*,     80.5,*,     80.3,*,     62.9,*,     71.1,*,     18.6,*,      3.9,*,     0.00,*,       82,*,       60,*,     0.24,*,       71,*,     61.4,*,     93.7
0049,06/28/2000,180,*,      652,*,     81.1,*,     78.2,*,     66.3,*,     70.8,*,     18.1,*,      4.1,*,     0.00,*,       80,*,       59,*,     0.23,*,       70,*,     60.7,*,     99.5
0049,06/29/2000,181,*,      666,*,     81.5,*,     77.5,*,     66.2,*,     70.5,*,     17.9,*,      4.4,*,     0.00,*,       77,*,       62,*,     0.23,*,       70,*,     60.4,*,    106.7
0049,06/30/2000,182,*,      666,Y,     81.8,*,     77.7,*,     58.0,*,     69.4,*,     16.9,*,      4.3,*,     0.00,*,       81,*,       58,*,     0.23,*,       69,*,     58.8,*,    104.5
0049,07/01/2000,183,*,      674,*,     81.6,*,     77.3,*,     57.5,*,     67.9,*,     16.2,*,      3.9,*,     0.00,*,       81,*,       57,*,     0.23,*,       70,*,     57.6,*,     93.6
0049,07/02/2000,184,*,      666,*,     81.3,*,     77.7,*,     60.5,*,     68.2,*,     16.3,*,      3.9,*,     0.00,*,       80,*,       56,*,     0.23,*,       69,*,     57.7,*,     94.8
0049,07/03/2000,185,*,      628,*,     81.2,*,     75.8,*,     63.0,*,     69.4,*,     16.2,*,      4.1,*,     0.00,*,       75,*,       56,*,     0.22,*,       66,*,     57.5,*,     99.1
0049,07/04/2000,186,*,      685,*,     81.1,*,     74.0,*,     59.6,*,     67.4,*,     14.8,*,      4.0,*,     0.00,*,       79,*,       54,*,     0.23,*,       65,*,     55.1,*,     97.1
0049,07/05/2000,187,*,      657,*,     80.9,*,     75.0,*,     53.2,*,     65.9,*,     14.6,*,      3.7,*,     0.00,*,       81,*,       53,*,     0.22,*,       67,*,     54.8,*,     90.1
0049,07/06/2000,188,*,      670,*,     80.2,*,     76.2,*,     50.8,*,     64.5,*,     14.5,*,      3.7,*,     0.00,*,       82,*,       54,*,     0.22,*,       70,*,     54.6,*,     89.4
0049,07/07/2000,189,*,      656,*,     80.3,*,     76.2,*,     59.2,*,     68.0,*,     15.7,*,      4.0,*,     0.00,*,       81,*,       55,*,     0.22,*,       67,*,     56.7,*,     97.0
0049,07/08/2000,190,*,      608,*,     80.6,*,     75.3,*,     56.4,*,     67.1,*,     14.9,*,      4.1,*,     0.00,*,       80,*,       56,*,     0.21,*,       66,*,     55.3,*,     99.3
0049,07/09/2000,191,*,      451,*,     79.8,*,     74.7,*,     55.9,*,     64.9,*,     14.7,*,      3.3,*,     0.00,*,       81,*,       56,*,     0.15,*,       70,*,     54.9,*,     80.7
0049,07/10/2000,192,*,      558,*,     78.7,*,     75.6,*,     59.3,*,     66.9,*,     15.2,*,      3.7,*,     0.00,*,       80,*,       56,*,     0.19,*,       67,*,     55.8,*,     89.0
0049,07/11/2000,193,*,      517,*,     78.8,*,     75.1,*,     56.4,*,     67.0,*,     15.3,*,      3.7,*,     0.00,*,       81,*,       58,*,     0.18,*,       68,*,     56.0,*,     90.3
0049,07/12/2000,194,*,      606,*,     78.8,*,     76.0,*,     56.2,*,     66.8,*,     15.5,*,      4.0,*,     0.00,*,       81,*,       58,*,     0.21,*,       69,*,     56.3,*,     97.6
0049,07/13/2000,195,R,      915,*,     78.6,*,     76.2,S,       --,*,     70.3,M,       --,R,      5.7,*,     0.00,*,       82,*,       57,*,     0.22,M,       --,M,       --,R,    138.3
0049,07/14/2000,196,*,      639,*,     79.5,*,     77.7,*,     57.6,*,     68.9,*,     17.0,*,      4.1,*,     0.00,*,       81,*,       56,*,     0.22,*,       70,*,     58.8,*,     97.8
0049,07/15/2000,197,*,      624,*,     80.5,*,     76.9,*,     65.2,*,     69.8,*,     17.1,*,      4.0,*,     0.00,*,       79,*,       58,*,     0.22,*,       69,*,     59.0,*,     96.5
0049,07/16/2000,198,*,      629,*,     81.0,*,     76.2,*,     58.6,*,     67.9,*,     15.9,*,      4.0,*,     0.00,*,       81,*,       57,*,     0.22,*,       68,*,     57.1,*,     96.1
0049,07/17/2000,199,*,      673,*,     81.1,*,     77.3,*,     60.3,*,     68.9,*,     16.5,*,      4.3,*,     0.00,*,       81,*,       55,*,     0.23,*,       68,*,     58.1,*,    104.2
0049,07/18/2000,200,*,      688,*,     81.0,*,     81.1,*,     54.6,*,     68.8,*,     16.5,*,      3.8,*,     0.00,*,       82,*,       52,*,     0.24,*,       69,*,     58.1,*,     92.8
0049,07/19/2000,201,*,      684,*,     81.1,*,     83.7,*,     56.4,*,     71.0,*,     17.5,*,      4.0,*,     0.00,*,       82,*,       50,*,     0.25,*,       68,*,     59.8,*,     95.5
0049,07/20/2000,202,*,      654,*,     82.0,*,     78.8,*,     64.0,*,     70.0,*,     18.2,*,      4.3,*,     0.00,*,       82,*,       60,*,     0.22,*,       72,*,     60.7,*,    103.5
0049,07/21/2000,203,*,      538,*,     82.1,*,     77.5,*,     60.6,*,     69.2,*,     17.6,*,      3.6,*,     0.00,*,       80,*,       62,*,     0.18,*,       72,*,     59.9,*,     87.8
0049,07/22/2000,204,*,      599,*,     81.5,Y,     87.3,*,     59.3,*,     70.4,*,     17.2,*,      3.5,*,     0.00,*,       81,*,       41,R,     0.22,*,       68,*,     59.2,*,     84.9
0049,07/23/2000,205,*,      652,*,     81.9,*,     83.1,*,     59.6,*,     71.2,*,     18.3,*,      3.7,*,     0.00,*,       81,*,       55,*,     0.23,*,       70,*,     60.9,*,     89.9
0049,07/24/2000,206,*,      613,*,     82.1,*,     83.0,*,     58.9,*,     70.2,*,     18.0,*,      3.7,*,     0.00,*,       82,*,       51,*,     0.22,*,       72,*,     60.6,*,     88.5
0049,07/25/2000,207,*,      629,*,     82.1,*,     79.8,*,     60.7,*,     70.1,*,     18.1,*,      3.6,*,     0.00,*,       82,*,       58,*,     0.22,*,       72,*,     60.6,*,     86.2
0049,07/26/2000,208,*,      606,*,     82.4,*,     78.3,*,     59.6,*,     69.5,*,     17.5,*,      4.0,*,     0.00,*,       80,*,       60,*,     0.21,*,       71,*,     59.8,*,     96.1
0049,07/27/2000,209,*,      627,*,     82.1,*,     78.6,*,     59.6,*,     68.5,*,     17.4,*,      3.9,*,     0.00,*,       82,*,       60,*,     0.21,*,       73,*,     59.6,*,     93.4
0049,07/28/2000,210,*,      570,*,     82.2,*,     80.6,*,     61.8,*,     69.8,*,     18.4,*,      4.2,*,     0.00,*,       82,*,       62,*,     0.20,*,       74,*,     61.1,*,    100.7
0049,07/29/2000,211,*,      441,*,     82.1,*,     81.4,*,     66.8,*,     71.5,*,     19.1,*,      3.8,*,     0.00,*,       79,*,       59,*,     0.15,*,       72,*,     62.2,*,     91.0
0049,07/30/2000,212,*,      553,*,     81.9,*,     80.6,*,     67.7,*,     71.2,*,     18.9,*,      3.8,*,     0.00,*,       79,*,       62,*,     0.20,*,       72,*,     61.8,*,     92.2
0049,07/31/2000,213,*,      547,*,     82.3,S,       --,*,     67.0,H,     74.0,*,     18.7,*,      3.8,*,     0.00,H,       79,H,       41,R,     0.18,*,       65,*,     61.6,*,     92.0
0049,08/01/2000,214,*,      605,*,     82.7,Y,     89.7,*,     63.4,*,     74.8,*,     18.8,*,      3.9,*,     0.00,*,       81,*,       37,R,     0.23,*,       64,*,     61.7,*,     94.5
0049,08/02/2000,215,*,      522,*,     83.1,*,     84.9,*,     66.4,*,     74.5,*,     19.2,*,      3.6,*,     0.00,*,       81,*,       48,*,     0.20,*,       66,*,     62.3,*,     87.9
0049,08/03/2000,216,*,      625,*,     83.0,*,     85.1,*,     63.9,*,     73.9,*,     19.6,*,      4.0,*,     0.00,*,       81,*,       50,*,     0.23,*,       69,*,     63.0,*,     95.5
0049,08/04/2000,217,*,      611,*,     83.3,*,     81.5,*,     67.4,*,     73.2,*,     20.1,*,      4.3,*,     0.00,*,       81,*,       60,*,     0.22,*,       72,*,     63.6,*,    103.6
0049,08/05/2000,218,*,      610,*,     83.6,*,     80.7,*,     65.9,*,     71.4,*,     19.4,*,      4.1,*,     0.00,*,       82,*,       62,*,     0.21,*,       74,*,     62.7,*,    100.0
0049,08/06/2000,219,*,      597,*,     83.5,*,     77.7,*,     65.7,*,     70.8,*,     18.9,*,      4.4,*,     0.00,*,       81,*,       63,*,     0.21,*,       74,*,     61.9,*,    105.8
0049,08/07/2000,220,*,      599,*,     83.5,*,     77.9,*,     61.0,*,     70.7,*,     18.1,*,      3.8,*,     0.00,*,       81,*,       62,*,     0.21,*,       71,*,     60.6,*,     92.6
0049,08/08/2000,221,*,      605,*,     83.1,*,     80.3,*,     61.2,*,     70.6,*,     18.2,*,      4.0,*,     0.00,*,       81,*,       57,*,     0.22,*,       71,*,     60.9,*,     96.0
0049,08/09/2000,222,*,      577,*,     82.8,*,     79.9,*,     60.6,*,     70.6,*,     17.9,*,      4.0,*,     0.00,*,       82,*,       51,*,     0.21,*,       70,*,     60.4,*,     95.4
0049,08/10/2000,223,*,      633,*,     82.3,*,     89.3,*,     56.3,*,     72.8,*,     16.0,*,      4.1,*,     0.00,*,       82,*,       29,R,     0.25,*,       58,*,     57.3,*,     98.2
0049,08/11/2000,224,*,      624,*,     82.4,*,     88.7,*,     57.0,*,     73.2,*,     17.5,*,      4.0,*,     0.00,*,       82,*,       40,*,     0.24,*,       63,*,     59.7,*,     96.0
0049,08/12/2000,225,*,      605,*,     82.7,*,     87.0,*,     59.8,*,     72.9,*,     18.3,*,      3.6,*,     0.00,*,       82,*,       44,*,     0.23,*,       66,*,     60.9,*,     87.3
0049,08/13/2000,226,*,      608,*,     82.6,*,     82.3,*,     59.1,*,     71.0,*,     18.5,*,      3.6,*,     0.00,*,       82,*,       55,*,     0.22,*,       71,*,     61.2,*,     87.4
0049,08/14/2000,227,*,      603,*,     82.6,*,     82.4,*,     62.6,*,     72.3,*,     19.4,*,      3.9,*,     0.00,*,       82,*,       59,*,     0.21,*,       72,*,     62.7,*,     93.6
0049,08/15/2000,228,*,      545,*,     82.8,*,     84.2,*,     63.2,*,     72.5,*,     19.6,*,      3.6,*,     0.00,*,       82,*,       54,*,     0.20,*,       72,*,     62.9,*,     86.7
0049,08/16/2000,229,*,      591,*,     82.8,*,     87.1,*,     63.2,*,     74.9,*,     19.0,*,      3.6,*,     0.00,*,       81,*,       41,*,     0.23,*,       64,*,     62.1,*,     87.4
0049,08/17/2000,230,R,      803,*,     82.7,*,     83.7,S,       --,*,     75.6,M,       --,*,      4.9,*,     0.00,*,       81,*,       57,*,     0.21,M,       --,M,       --,*,    119.2
0049,08/18/2000,231,*,      613,*,     82.8,*,     83.5,*,     61.3,*,     72.1,*,     18.6,*,      3.6,*,     0.00,*,       82,*,       51,*,     0.22,*,       69,*,     61.4,*,     87.5
0049,08/19/2000,232,*,      634,*,     82.8,*,     83.2,*,     62.1,*,     72.0,*,     18.9,*,      3.7,*,     0.00,*,       82,*,       53,*,     0.22,*,       71,*,     61.9,*,     90.3
0049,08/20/2000,233,*,      586,*,     82.7,*,     81.1,*,     63.6,*,     70.8,*,     18.4,*,      3.7,*,     0.00,*,       82,*,       55,*,     0.20,*,       71,*,     61.1,*,     88.9
0049,08/21/2000,234,*,      612,*,     82.7,*,     80.1,*,     62.5,*,     71.2,*,     17.8,*,      3.7,*,     0.00,*,       80,*,       56,*,     0.21,*,       68,*,     60.1,*,     90.5
0049,08/22/2000,235,*,      581,*,     82.5,*,     79.3,*,     63.6,*,     70.2,*,     17.5,*,      3.8,*,     0.00,*,       80,*,       57,*,     0.20,*,       70,*,     59.7,*,     91.8
0049,08/23/2000,236,*,      594,*,     82.4,*,     80.6,*,     66.4,*,     72.1,*,     18.7,*,      4.0,*,     0.00,*,       80,*,       57,*,     0.21,*,       70,*,     61.6,*,     96.9
0049,08/24/2000,237,*,      512,*,     82.6,*,     80.2,*,     68.3,*,     73.2,*,     19.7,*,      3.6,*,     0.00,*,       79,*,       61,*,     0.18,*,       70,*,     63.1,*,     87.2
0049,08/25/2000,238,*,      551,*,     82.8,*,     80.2,*,     68.0,*,     73.1,*,     20.0,*,      3.8,*,     0.00,*,       80,*,       63,*,     0.19,*,       72,*,     63.6,*,     92.4
0049,08/26/2000,239,*,      551,*,     83.0,*,     79.7,*,     65.5,*,     71.9,*,     19.2,*,      3.8,*,     0.00,*,       79,*,       60,*,     0.19,*,       72,*,     62.3,*,     92.7
0049,08/27/2000,240,*,      330,*,     82.4,*,     76.4,*,     66.1,*,     71.0,*,     18.5,*,      3.3,*,     0.00,*,       78,*,       65,*,     0.11,*,       71,*,     61.2,*,     80.0
0049,08/28/2000,241,*,      164,*,     81.0,*,     74.4,*,     68.8,*,     70.7,*,     18.5,Y,      2.9,*,     0.01,*,       77,*,       67,*,     0.05,*,       72,*,     61.3,Y,     70.6
0049,08/29/2000,242,*,      163,*,     79.3,*,     72.6,*,     67.4,*,     69.2,*,     18.1,*,      3.6,*,     0.00,*,       79,*,       67,*,     0.05,*,       74,*,     60.6,*,     86.5
0049,08/30/2000,243,*,      417,*,     78.5,*,     75.6,*,     67.1,*,     70.1,*,     17.1,*,      4.1,*,     0.00,*,       77,*,       61,*,     0.15,*,       68,*,     59.1,*,     98.7
0049,08/31/2000,244,*,      600,*,     79.3,*,     78.0,*,     63.1,*,     70.1,*,     15.6,*,      3.7,*,     0.00,*,       77,*,       45,*,     0.21,*,       62,*,     56.5,*,     90.5
0049,09/01/2000,245,*,      551,*,     79.8,*,     76.7,*,     55.0,*,     67.7,*,     15.3,*,      4.5,*,     0.00,*,       81,*,       47,*,     0.19,*,       66,*,     55.9,*,    107.7
0049,09/02/2000,246,*,      574,*,     79.2,*,     77.5,*,     53.9,*,     66.1,*,     14.4,*,      4.3,*,     0.00,*,       82,*,       49,*,     0.20,*,       66,*,     54.3,*,    104.3
0049,09/03/2000,247,*,      577,*,     78.7,*,     78.7,*,     51.7,*,     65.3,*,     14.6,*,      3.7,*,     0.00,*,       81,*,       50,*,     0.20,*,       69,*,     54.7,*,     90.5
0049,09/04/2000,248,*,      588,*,     78.5,*,     78.2,*,     49.7,*,     64.8,*,     14.5,*,      3.4,*,     0.00,*,       82,*,       50,*,     0.20,*,       69,*,     54.5,*,     82.9
0049,09/05/2000,249,*,      594,*,     78.4,*,     81.4,*,     49.5,*,     65.8,*,     14.7,*,      3.4,*,     0.00,*,       83,*,       46,*,     0.20,*,       68,*,     54.8,*,     80.9
0049,09/06/2000,250,*,      577,*,     78.6,*,     84.8,*,     52.7,*,     67.7,*,     14.9,*,      3.1,*,     0.00,*,       82,*,       38,*,     0.20,*,       64,*,     55.3,*,     74.6
0049,09/07/2000,251,*,      316,*,     78.2,*,     82.4,*,     52.4,*,     66.1,*,     15.3,*,      2.9,*,     0.05,*,       82,*,       41,*,     0.10,*,       70,*,     56.0,*,     70.6
0049,09/08/2000,252,*,      514,*,     77.1,*,     76.5,*,     56.0,*,     65.7,*,     15.9,*,      3.6,*,     0.00,*,       82,*,       57,*,     0.17,*,       74,*,     57.1,*,     86.7
0049,09/09/2000,253,*,      570,*,     77.5,*,     80.0,*,     51.8,*,     65.0,*,     14.7,*,      3.8,*,     0.00,*,       82,*,       47,*,     0.19,*,       70,*,     54.8,*,     91.5
0049,09/10/2000,254,*,      557,*,     77.5,*,     78.2,*,     48.1,*,     63.1,*,     14.1,*,      3.3,*,     0.01,*,       82,*,       52,*,     0.18,*,       71,*,     53.7,*,     79.1
0049,09/11/2000,255,*,      569,*,     77.3,Y,     94.3,*,     46.6,*,     68.5,*,     12.2,*,      3.5,*,     0.00,*,       82,*,       23,*,     0.22,*,       51,*,     49.9,*,     83.4
0049,09/12/2000,256,*,      520,*,     77.9,Y,     93.8,*,     55.0,*,     72.6,*,     14.2,*,      3.3,*,     0.00,*,       77,*,       27,*,     0.21,*,       52,*,     53.9,*,     80.6
0049,09/13/2000,257,*,      531,*,     78.8,*,     88.7,*,     58.2,*,     72.8,*,     16.4,*,      3.3,*,     0.00,*,       81,*,       20,R,     0.20,*,       60,*,     57.9,*,     79.5
0049,09/14/2000,258,*,      515,*,     79.8,*,     82.2,*,     67.0,*,     73.7,*,     20.7,*,      4.0,*,     0.00,*,       81,*,       59,*,     0.18,*,       73,*,     64.5,*,     96.0
0049,09/15/2000,259,*,      502,*,     80.7,*,     81.3,*,     63.6,*,     72.1,*,     20.2,*,      3.6,*,     0.00,*,       82,*,       63,*,     0.17,*,       75,*,     63.7,*,     85.9
0049,09/16/2000,260,*,      519,*,     80.6,*,     90.1,*,     59.8,*,     72.8,*,     18.9,*,      3.4,*,     0.00,*,       82,*,       46,*,     0.19,*,       69,*,     61.9,*,     82.0
0049,09/17/2000,261,*,      513,*,     80.7,*,     92.4,*,     62.2,*,     73.0,*,     19.4,*,      3.2,*,     0.00,*,       82,*,       44,*,     0.18,*,       70,*,     62.6,*,     78.3
0049,09/18/2000,262,*,      272,*,     80.7,*,     78.6,S,       --,*,     68.7,M,       --,*,      3.3,*,     0.00,*,       83,*,       62,*,     0.17,M,       --,M,       --,*,     79.1
0049,09/19/2000,263,*,      450,*,     80.1,*,     80.2,*,     59.1,*,     69.6,*,     18.1,*,      3.7,*,     0.00,*,       83,*,       58,*,     0.15,*,       73,*,     60.7,*,     88.6
0049,09/20/2000,264,*,      397,*,     79.9,*,     77.1,*,     68.8,*,     71.4,*,     17.9,*,      4.3,*,     0.00,*,       74,*,       61,*,     0.15,*,       68,*,     60.3,*,    104.2
0049,09/21/2000,265,*,      124,*,     79.4,*,     72.6,*,     67.6,*,     69.9,*,     17.3,*,      3.8,*,     0.00,*,       75,*,       63,*,     0.04,*,       69,*,     59.4,*,     91.7
0049,09/22/2000,266,*,      178,*,     77.7,*,     74.1,*,     64.8,*,     67.9,*,     17.1,*,      3.6,*,     0.03,*,       81,*,       58,*,     0.06,*,       74,*,     59.1,*,     86.9
0049,09/23/2000,267,*,      524,*,     76.6,*,     76.1,*,     54.8,*,     67.2,*,     15.8,*,      3.1,*,     0.01,*,       82,*,       53,*,     0.17,*,       70,*,     56.9,*,     75.7
0049,09/24/2000,268,*,      512,*,     75.7,*,     78.2,*,     49.7,*,     64.5,*,     15.2,*,      3.4,*,     0.01,*,       83,*,       57,*,     0.17,*,       73,*,     55.8,*,     82.3
0049,09/25/2000,269,*,      507,*,     75.5,*,     83.3,*,     54.3,*,     68.5,*,     17.1,*,      3.6,*,     0.00,*,       83,*,       49,*,     0.17,*,       72,*,     59.1,*,     85.8
0049,09/26/2000,270,*,      453,*,     76.5,*,     78.0,*,     64.4,*,     69.3,*,     17.8,*,      3.3,*,     0.00,*,       80,*,       60,*,     0.15,*,       73,*,     60.2,*,     80.1
0049,09/27/2000,271,*,      158,*,     76.9,*,     72.9,*,     67.8,*,     69.5,*,     17.8,*,      3.2,*,     0.00,*,       76,*,       67,*,     0.05,*,       72,*,     60.1,*,     78.2
0049,09/28/2000,272,*,      173,*,     76.0,*,     74.5,*,     67.6,*,     70.0,*,     18.1,*,      3.0,*,     0.00,*,       78,*,       66,*,     0.05,*,       72,*,     60.6,*,     72.1
0049,09/29/2000,273,*,      440,*,     76.1,*,     75.6,*,     63.1,*,     69.3,*,     17.3,*,      3.4,*,     0.00,*,       78,*,       61,*,     0.14,*,       71,*,     59.4,*,     81.4
0049,09/30/2000,274,*,      384,*,     76.6,*,     76.1,*,     55.6,*,     67.3,*,     16.2,*,      3.2,*,     0.00,*,       81,*,       59,*,     0.13,*,       71,*,     57.5,*,     77.0
0049,10/01/2000,275,*,      363,*,     75.9,*,     76.3,*,     53.3,*,     65.5,*,     16.5,*,      3.1,*,     0.00,*,       82,*,       64,*,     0.12,*,       77,*,     58.1,*,     74.4
0049,10/02/2000,276,*,      398,*,     76.2,*,     77.3,*,     65.6,*,     69.5,*,     17.9,*,      3.7,*,     0.00,*,       80,*,       61,*,     0.13,*,       73,*,     60.4,*,     88.2
0049,10/03/2000,277,*,      376,*,     76.8,*,     75.1,*,     67.2,*,     69.5,*,     16.7,*,      3.5,*,     0.00,*,       74,*,       59,*,     0.13,*,       68,*,     58.5,*,     85.1
0049,10/04/2000,278,*,      162,*,     76.7,*,     71.7,*,     64.0,*,     67.7,*,     16.9,*,      2.7,*,     0.00,*,       82,*,       62,*,     0.05,*,       73,*,     58.7,*,     65.3
0049,10/05/2000,279,*,      344,*,     76.0,*,     76.8,*,     66.8,*,     70.2,*,     17.5,*,      3.7,*,     0.00,*,       77,*,       58,*,     0.12,*,       69,*,     59.7,*,     89.3
0049,10/06/2000,280,*,      159,*,     76.2,*,     71.2,*,     66.1,*,     68.0,*,     17.6,*,      2.9,*,     0.00,*,       80,*,       71,*,     0.05,*,       75,*,     59.8,*,     70.4
0049,10/07/2000,281,*,      294,*,     75.6,*,     75.6,*,     56.2,*,     67.5,*,     16.6,*,      3.6,*,     0.00,*,       81,*,       59,*,     0.10,*,       72,*,     58.3,*,     86.1
0049,10/08/2000,282,*,      304,*,     75.0,*,     75.8,*,     55.3,*,     65.1,*,     15.3,*,      2.9,*,     0.00,*,       82,*,       57,*,     0.10,*,       73,*,     56.1,*,     69.5
0049,10/09/2000,283,*,      325,*,     74.6,*,     76.7,*,     60.4,*,     67.4,*,     15.9,*,      3.8,*,     0.00,*,       81,*,       57,*,     0.11,*,       69,*,     57.0,*,     91.9
0049,10/10/2000,284,*,      408,*,     74.9,*,     71.6,*,     53.9,*,     65.1,*,     13.5,R,      5.3,*,     0.00,*,       80,*,       47,*,     0.15,*,       64,*,     52.6,R,    128.7
0049,10/11/2000,285,*,      399,*,     74.0,*,     70.1,*,     50.3,*,     58.7,*,     11.7,*,      3.1,*,     0.00,*,       82,*,       51,*,     0.12,*,       69,*,     48.6,*,     76.0
0049,10/12/2000,286,*,      413,*,     72.8,*,     71.2,*,     47.9,*,     59.2,*,     11.3,*,      3.6,*,     0.00,*,       82,*,       47,*,     0.13,*,       66,*,     47.8,*,     87.5
0049,10/13/2000,287,*,      432,*,     72.0,*,     73.8,*,     42.9,*,     58.4,*,     11.6,*,      3.5,*,     0.00,*,       82,*,       50,R,     0.14,*,       70,*,     48.5,*,     84.2
0049,10/14/2000,288,*,      438,*,     71.6,*,     77.6,*,     42.1,*,     60.3,*,     11.5,*,      3.1,*,     0.00,*,       82,*,       38,*,     0.14,*,       64,*,     48.3,*,     75.1
0049,10/15/2000,289,*,      421,*,     71.7,*,     74.2,*,     44.5,*,     60.1,*,     13.0,*,      3.3,*,     0.00,*,       82,*,       48,*,     0.13,*,       73,*,     51.5,*,     78.9
0049,10/16/2000,290,*,      425,*,     72.0,*,     75.7,*,     51.2,*,     63.1,*,     14.4,*,      3.3,*,     0.00,*,       83,*,       53,*,     0.13,*,       73,*,     54.2,*,     80.1
0049,10/17/2000,291,*,      408,*,     72.3,*,     75.9,*,     46.0,*,     60.7,*,     13.6,*,      3.4,*,     0.00,*,       83,*,       56,*,     0.12,*,       75,*,     52.8,*,     82.4
0049,10/18/2000,292,*,      247,*,     72.0,*,     72.0,*,     32.0,*,     65.6,M,       --,*,      3.1,*,     0.00,*,       81,*,       64,*,     0.06,M,       --,M,       --,*,     75.9
0049,10/19/2000,293,*,      354,*,     72.3,*,     74.2,*,     62.1,*,     66.7,*,     16.1,*,      3.0,*,     0.00,*,       80,*,       59,*,     0.11,*,       72,*,     57.4,*,     72.5
0049,10/20/2000,294,*,      289,*,     73.2,*,     72.8,*,     61.8,*,     65.4,*,     16.0,*,      3.6,*,     0.00,*,       81,*,       65,*,     0.09,*,       75,*,     57.2,*,     87.1
0049,10/21/2000,295,*,      152,*,     73.4,*,     72.8,*,     57.2,*,     65.4,*,     15.0,Y,      5.2,*,     0.00,*,       79,*,       60,*,     0.06,*,       70,*,     55.5,Y,    125.4
0049,10/22/2000,296,*,      280,*,     72.2,*,     72.4,*,     49.4,*,     60.9,*,     13.5,*,      2.7,*,     0.00,*,       82,*,       55,*,     0.08,*,       74,*,     52.6,*,     64.6
0049,10/23/2000,297,*,      244,*,     71.3,*,     76.8,*,     50.8,*,     62.5,*,     13.7,*,      2.8,*,     0.00,*,       82,*,       44,*,     0.08,*,       71,*,     53.0,*,     68.2
0049,10/24/2000,298,*,      384,*,     71.1,*,     76.2,*,     50.8,*,     62.9,*,     13.6,*,      3.0,*,     0.00,*,       83,*,       41,*,     0.12,*,       69,*,     52.7,*,     71.7
0049,10/25/2000,299,*,      374,*,     71.1,*,     75.9,*,     49.6,*,     60.8,*,     12.5,*,      3.3,*,     0.00,*,       82,*,       45,*,     0.12,*,       69,*,     50.5,*,     80.6
0049,10/26/2000,300,*,      234,*,     70.3,*,     68.2,*,     47.4,*,     58.4,*,     12.5,*,      2.6,*,     0.31,*,       82,*,       54,*,     0.07,*,       75,*,     50.4,*,     63.5
0049,10/27/2000,301,*,      196,*,     69.1,*,     66.8,*,     53.7,*,     59.0,*,     13.0,*,      2.6,*,     0.52,*,       82,*,       61,*,     0.05,*,       76,*,     51.6,*,     63.1
0049,10/28/2000,302,*,      332,*,     68.1,*,     69.1,*,     50.2,*,     58.8,*,     12.8,*,      2.7,*,     0.01,*,       83,*,       59,*,     0.09,*,       75,*,     51.0,*,     65.7
0049,10/29/2000,303,*,      293,*,     67.8,*,     69.0,*,     50.5,*,     60.4,*,     12.9,*,      3.7,*,     1.17,*,       82,*,       54,*,     0.09,*,       72,*,     51.2,*,     89.7
0049,10/30/2000,304,*,      330,Y,     62.0,*,     65.9,*,     49.0,*,     57.5,*,     11.4,*,      3.2,*,     0.04,*,       82,*,       53,*,     0.09,*,       71,*,     48.1,*,     77.8
0049,10/31/2000,305,*,      373,Y,     62.3,*,     68.8,*,     46.0,*,     57.1,*,     11.4,*,      2.8,*,     0.00,*,       82,*,       55,*,     0.10,*,       71,*,     48.0,*,     68.0
0049,11/01/2000,306,*,      372,*,     62.7,*,     70.6,*,     40.8,*,     55.5,*,     10.7,*,      3.1,*,     0.00,*,       83,*,       49,*,     0.11,*,       71,*,     46.2,*,     74.5
0049,11/02/2000,307,*,      366,*,     63.2,*,     75.4,*,     46.2,*,     57.7,*,     11.2,*,      2.6,*,     0.00,*,       83,*,       39,*,     0.11,*,       69,*,     47.5,*,     62.6
0049,11/03/2000,308,*,      371,*,     63.3,*,     77.9,*,     39.2,*,     56.3,*,      8.9,*,      2.8,*,     0.00,*,       83,*,       23,*,     0.12,*,       57,*,     41.5,*,     68.3
0049,11/04/2000,309,*,      342,*,     63.4,*,     76.8,*,     42.4,*,     56.4,*,      8.9,*,      2.9,*,     0.00,*,       80,*,       27,*,     0.11,*,       57,*,     41.5,*,     70.8
0049,11/05/2000,310,*,      262,*,     63.2,*,     68.3,*,     39.7,*,     56.0,*,     11.6,*,      3.1,*,     0.00,*,       82,*,       60,*,     0.08,*,       75,*,     48.4,*,     74.7
0049,11/06/2000,311,*,      267,*,     64.3,*,     68.6,*,     48.0,*,     58.0,*,     12.2,*,      2.5,*,     0.00,*,       82,*,       57,*,     0.07,*,       74,*,     49.8,*,     59.6
0049,11/07/2000,312,*,      363,*,     63.9,*,     76.7,*,     39.2,*,     55.7,*,      7.1,*,      3.5,*,     0.00,*,       83,*,       12,*,     0.12,*,       47,*,     35.8,*,     83.6
0049,11/08/2000,313,*,      352,*,     62.6,*,     72.7,*,     32.0,*,     51.2,*,      8.1,*,      2.7,*,     0.00,*,       82,*,       20,*,     0.10,*,       63,*,     39.1,*,     66.0
0049,11/09/2000,314,*,      198,*,     62.6,*,     65.0,*,     43.8,*,     54.3,*,     10.4,*,      3.6,*,     0.00,*,       83,*,       58,*,     0.06,*,       72,*,     45.6,*,     86.1
0049,11/10/2000,315,*,      283,*,     62.4,*,     63.4,*,     41.4,*,     52.5,*,      9.3,*,      3.4,*,     0.04,*,       82,*,       51,*,     0.07,*,       69,*,     42.5,*,     83.2
0049,11/11/2000,316,*,      340,*,     61.9,*,     62.4,*,     37.5,*,     49.8,*,      8.4,*,      3.0,*,     0.05,*,       82,*,       46,*,     0.09,*,       68,*,     39.9,*,     71.3
0049,11/12/2000,317,*,      350,*,     60.7,*,     66.4,*,     34.8,*,     48.1,*,      6.7,*,      3.5,*,     0.00,*,       82,*,       33,*,     0.10,*,       59,*,     34.4,*,     83.8
0049,11/13/2000,318,*,      347,*,     59.7,*,     66.6,*,     29.5,*,     46.5,*,      6.7,*,      2.8,*,     0.00,*,       82,*,       33,*,     0.09,*,       62,*,     34.4,*,     68.2
0049,11/14/2000,319,*,      306,*,     59.2,*,     62.7,*,     30.4,*,     45.3,*,      7.5,*,      2.5,*,     0.00,*,       83,*,       50,*,     0.08,*,       72,*,     37.0,*,     59.9
0049,11/15/2000,320,*,      332,*,     58.9,*,     64.7,*,     31.6,*,     46.2,*,      7.4,*,      2.8,*,     0.00,*,       83,*,       40,*,     0.09,*,       69,*,     36.7,*,     66.9
0049,11/16/2000,321,*,      231,*,     58.5,*,     63.3,*,     32.0,*,     48.9,M,       --,*,      2.9,*,     0.00,*,       83,*,       40,*,     0.08,M,       --,M,       --,*,     69.4
0049,11/17/2000,322,*,      331,*,     58.2,*,     72.5,*,     31.4,*,     48.2,*,      5.4,*,      3.3,*,     0.00,*,       82,*,       16,*,     0.11,*,       47,*,     29.1,*,     79.4
0049,11/18/2000,323,*,      338,*,     57.8,*,     71.3,*,     28.4,*,     47.2,*,      5.8,*,      2.8,*,     0.00,*,       78,*,       19,*,     0.10,*,       52,*,     30.6,*,     66.7
0049,11/19/2000,324,*,      339,*,     57.8,*,     79.9,*,     30.4,*,     50.2,*,      6.5,*,      2.6,*,     0.00,*,       80,*,       16,*,     0.10,*,       52,*,     33.5,*,     63.5
0049,11/20/2000,325,*,      260,*,     58.2,*,     78.9,*,     33.2,*,     51.8,*,      6.7,*,      2.1,*,     0.00,*,       81,*,       20,*,     0.08,*,       51,*,     34.2,*,     51.8
0049,11/21/2000,326,*,      257,*,     58.9,*,     74.0,*,     42.0,*,     53.0,*,      8.7,*,      2.5,*,     0.00,*,       82,*,       23,*,     0.08,*,       63,*,     40.8,*,     61.2
0049,11/22/2000,327,*,      228,*,     59.5,*,     63.9,*,     39.9,*,     52.8,*,     10.3,*,      3.6,*,     0.00,*,       82,*,       61,*,     0.06,*,       75,*,     45.2,*,     85.9
0049,11/23/2000,328,*,      310,*,     59.4,*,     67.1,*,     38.1,*,     50.4,*,      9.3,*,      2.5,*,     0.00,*,       83,*,       56,*,     0.08,*,       75,*,     42.7,*,     60.8
0049,11/24/2000,329,*,      297,*,     59.2,*,     66.8,*,     34.6,*,     49.0,*,      8.9,*,      2.5,*,     0.00,*,       83,*,       51,*,     0.08,*,       75,*,     41.6,*,     59.2
0049,11/25/2000,330,*,      306,*,     59.0,*,     71.2,*,     34.2,*,     50.5,*,      9.5,*,      2.5,*,     0.00,*,       84,*,       40,*,     0.08,*,       75,*,     43.1,*,     59.6
0049,11/26/2000,331,*,      302,*,     59.6,*,     74.9,*,     38.6,*,     54.7,*,      9.8,*,      2.7,*,     0.00,*,       83,*,       35,*,     0.09,*,       67,*,     44.0,*,     64.9
0049,11/27/2000,332,*,      299,*,     60.0,*,     72.7,*,     35.9,*,     51.3,*,      8.8,*,      2.4,*,     0.00,*,       83,*,       36,*,     0.08,*,       68,*,     41.2,*,     58.4
0049,11/28/2000,333,*,      297,*,     59.6,*,     73.2,*,     35.3,*,     51.4,*,      9.2,*,      2.5,*,     0.00,*,       83,*,       37,*,     0.08,*,       71,*,     42.3,*,     60.8
0049,11/29/2000,334,*,      273,*,     60.0,*,     67.6,*,     40.3,*,     52.3,*,     10.4,*,      2.7,*,     0.00,*,       83,*,       60,*,     0.07,*,       77,*,     45.5,*,     66.0
0049,11/30/2000,335,*,      228,*,     60.4,*,     65.4,*,     44.0,*,     53.4,*,     10.9,*,      2.5,*,     0.00,*,       83,*,       61,*,     0.05,*,       78,*,     46.8,*,     59.5
0049,12/01/2000,336,*,      166,*,     60.4,*,     63.6,*,     46.8,*,     52.2,*,     10.6,*,      2.3,*,     0.00,*,       83,*,       65,*,     0.04,*,       80,*,     46.2,*,     55.1
0049,12/02/2000,337,*,      234,*,     60.6,*,     65.0,*,     43.8,*,     53.2,*,     10.8,*,      2.6,*,     0.00,*,       83,*,       63,*,     0.06,*,       78,*,     46.6,*,     62.6
0049,12/03/2000,338,*,      282,*,     60.4,*,     68.1,*,     38.6,*,     50.7,*,      9.8,*,      2.7,*,     0.00,*,       84,*,       56,*,     0.07,*,       78,*,     43.9,*,     65.7
0049,12/04/2000,339,*,      228,*,     59.7,*,     80.1,*,     35.7,*,     54.6,*,      9.9,*,      2.3,*,     0.00,*,       83,*,       34,*,     0.07,*,       68,*,     44.2,*,     54.7
0049,12/05/2000,340,*,      262,*,     60.5,*,     78.9,*,     43.6,*,     59.3,*,      9.1,*,      2.6,*,     0.00,*,       77,*,       26,*,     0.09,*,       53,*,     42.2,*,     63.8
0049,12/06/2000,341,*,      131,*,     60.4,*,     75.5,*,     41.5,*,     59.2,*,      8.6,*,      2.9,*,     0.00,*,       74,*,       24,*,     0.06,*,       50,*,     40.6,*,     70.1
0049,12/07/2000,342,*,      267,*,     61.1,*,     75.2,*,     49.9,*,     62.4,*,     11.5,*,      3.7,*,     0.00,*,       81,*,       39,*,     0.09,*,       60,*,     48.3,*,     89.4
0049,12/08/2000,343,*,      124,Y,     62.0,*,     64.7,Y,     55.9,*,     59.4,*,     13.6,*,      2.2,*,     0.00,*,       82,*,       71,*,     0.03,*,       79,*,     52.8,*,     54.2
0049,12/09/2000,344,*,      174,Y,     62.4,*,     65.8,*,     50.5,*,     58.8,*,     13.0,*,      2.5,*,     0.00,*,       82,*,       65,*,     0.04,*,       77,*,     51.5,*,     59.3
0049,12/10/2000,345,*,      174,Y,     62.2,*,     67.1,*,     43.5,*,     55.1,*,     11.6,*,      2.4,*,     0.00,*,       83,*,       62,*,     0.04,*,       78,*,     48.5,*,     58.3
0049,12/11/2000,346,*,      242,*,     61.0,*,     64.8,*,     38.2,*,     50.5,*,      9.8,*,      2.7,*,     0.00,*,       83,*,       63,*,     0.06,*,       78,*,     43.9,*,     65.0
0049,12/12/2000,347,*,      217,*,     60.3,*,     63.2,*,     39.1,*,     52.0,*,      9.9,*,      3.5,*,     0.00,*,       83,*,       54,*,     0.06,*,       74,*,     44.2,*,     84.1
0049,12/13/2000,348,*,      229,*,     59.0,*,     62.5,*,     33.9,*,     46.6,*,      8.1,*,      2.4,*,     0.00,*,       83,*,       54,*,     0.06,*,       74,*,     38.9,*,     57.0
0049,12/14/2000,349,*,       76,*,     58.2,*,     62.0,*,     41.1,*,     49.4,*,      9.3,*,      1.1,*,     0.00,*,       83,*,       54,*,     0.06,*,       77,*,     42.7,*,     26.5
0049,12/15/2000,350,*,      259,*,     57.8,*,     64.4,*,     36.4,*,     48.4,*,      8.9,*,      1.1,*,     0.00,*,       83,*,       59,*,     0.06,*,       77,*,     41.6,*,     26.4
0049,12/16/2000,351,*,      283,*,     57.7,Y,     82.1,*,     36.7,*,     53.6,*,      7.8,*,      1.1,*,     0.00,*,       83,*,       25,*,     0.07,*,       56,*,     38.2,*,     26.4
0049,12/17/2000,352,*,      279,*,     57.8,*,     78.3,*,     34.6,*,     51.2,*,      6.4,*,      1.1,*,     0.00,*,       76,*,       17,*,     0.07,*,       50,*,     33.2,*,     26.5
0049,12/18/2000,353,*,      286,*,     57.4,Y,     83.2,*,     35.9,*,     54.1,*,      4.2,*,      1.1,*,     0.00,*,       73,*,        6,*,     0.08,*,       30,*,     23.0,*,     26.7
0049,12/19/2000,354,*,      290,*,     57.0,*,     79.8,*,     31.8,*,     50.6,*,      4.6,*,      1.1,*,     0.00,*,       75,*,        9,*,     0.07,*,       37,*,     25.3,*,     26.9
0049,12/20/2000,355,*,      284,*,     56.4,*,     73.9,*,     28.3,*,     46.9,*,      5.9,*,      1.1,*,     0.00,*,       82,*,       12,*,     0.07,*,       54,*,     31.1,*,     26.2
0049,12/21/2000,356,*,      282,*,     56.1,*,     66.4,*,     29.6,*,     47.8,*,      8.5,*,      1.1,*,     0.00,*,       83,*,       44,*,     0.06,*,       75,*,     40.4,*,     26.7
0049,12/22/2000,357,*,      279,*,     56.8,*,     66.9,*,     33.1,*,     49.7,*,      8.7,*,      1.1,*,     0.00,*,       84,*,       40,*,     0.06,*,       72,*,     41.0,*,     26.6
0049,12/23/2000,358,*,      242,*,     57.1,*,     64.2,*,     31.1,*,     47.3,*,      8.5,*,      1.1,*,     0.00,*,       84,*,       52,*,     0.05,*,       77,*,     40.4,*,     26.6
0049,12/24/2000,359,*,      243,*,     56.8,*,     65.0,*,     33.4,*,     47.8,*,      8.6,*,      1.1,*,     0.00,*,       84,*,       45,*,     0.05,*,       76,*,     40.7,*,     26.1
0049,12/25/2000,360,*,      282,*,     56.9,*,     78.3,*,     33.4,*,     53.8,*,      5.0,*,      1.2,*,     0.00,*,       84,*,       10,R,     0.08,*,       36,*,     27.3,*,     28.7
0049,12/26/2000,361,*,      293,*,     56.8,*,     76.0,*,     32.2,*,     51.7,*,      5.0,*,      1.2,*,     0.00,*,       66,*,       17,*,     0.07,*,       39,*,     27.3,*,     28.1
0049,12/27/2000,362,*,      294,*,     56.0,*,     76.4,*,     28.2,*,     48.8,*,      4.6,*,      1.1,*,     0.00,*,       72,*,       14,*,     0.08,*,       39,*,     24.9,*,     27.2
0049,12/28/2000,363,*,      295,*,     55.6,*,     76.1,*,     28.2,*,     47.3,*,      4.7,*,      1.1,*,     0.00,*,       73,*,       14,*,     0.07,*,       42,*,     25.6,*,     26.4
0049,12/29/2000,364,*,      289,*,     55.2,*,     76.9,*,     27.8,*,     47.4,*,      6.2,*,      1.1,*,     0.00,*,       80,*,       19,*,     0.07,*,       56,*,     32.3,*,     26.6
0049,12/30/2000,365,*,      280,*,     55.2,*,     73.8,*,     29.8,*,     47.6,*,      7.0,*,      1.1,*,     0.00,*,       82,*,       26,*,     0.07,*,       63,*,     35.5,*,     26.3
0049,12/31/2000,366,*,      258,*,     55.2,*,     69.5,*,     29.3,*,     47.8,*,      7.2,*,      1.1,*,     0.00,*,       83,*,       31,*,     0.06,*,       64,*,     36.0,*,     26.5
